<?xml version="1.0" encoding="UTF-8"?>
<!DOCTYPE mapper
        PUBLIC "-//mybatis.org//DTD Mapper 3.0//EN"
        "http://mybatis.org/dtd/mybatis-3-mapper.dtd">
<mapper namespace="com.example.mapper.CategoryMapper">

    <sql id="Base_Column_List">
        id,name
    </sql>

    <select id="selectAll" resultType="com.example.entity.Category">
        select
        <include refid="Base_Column_List" />
        from category
        <where>
            <if test="id != null"> and id = #{id}</if>
            <if test="name != null"> and name like concat('%', #{name}, '%')</if>
        </where>
        order by id desc
    </select>

    <select id="selectById" resultType="com.example.entity.Category">
        select
        <include refid="Base_Column_List" />
        from category
        where id = #{id}
    </select>

    <delete id="deleteById">
        delete from category
        where  id = #{id}
    </delete>

    <insert id="insert" parameterType="com.example.entity.Category" useGeneratedKeys="true" keyProperty="id">
        insert into category
        <trim prefix="(" suffix=")" suffixOverrides=",">
            <if test="id != null">id,</if>
            <if test="name != null">name,</if>
        </trim>
        <trim prefix="values (" suffix=")" suffixOverrides=",">
            <if test="id != null">#{id},</if>
            <if test="name != null">#{name},</if>
        </trim>
    </insert>

    <update id="updateById" parameterType="com.example.entity.Category">
        update category
        <set>
            <if test="name != null">
                name = #{name},
            </if>
        </set>
        where id = #{id}
    </update>

</mapper>