<?xml version="1.0" encoding="UTF-8"?>
<!DOCTYPE mapper
        PUBLIC "-//mybatis.org//DTD Mapper 3.0//EN"
        "http://mybatis.org/dtd/mybatis-3-mapper.dtd">
<mapper namespace="com.example.mapper.PostsMapper">

    <sql id="Base_Column_List">
        id,title,content,img,user_id,time,circle,descr,read_count,status
    </sql>

    <select id="selectAll" resultType="com.example.entity.Posts">
        select
        posts.*,username as userName
        from posts
        left join user on posts.user_id = user.id
        <where>
            <if test="title != null"> and posts.title like concat('%', #{title}, '%')</if>
            <if test="userId != null"> and posts.user_id = #{userId}</if>
            <if test="circle != null"> and posts.circle = #{circle}</if>
        </where>
        order by posts.id desc
    </select>

    <select id="selectFrontAll" resultType="com.example.entity.Posts">
        select
        posts.*,username as userName
        from posts
        left join user on posts.user_id = user.id
        <where>
            posts.status = '通过'
            <if test="title != null"> and posts.title like concat('%', #{title}, '%')</if>
            <if test="userId != null"> and posts.user_id = #{userId}</if>
            <if test="circle != null"> and posts.circle = #{circle}</if>
        </where>
        order by posts.id desc
    </select>
    <select id="selectById" resultType="com.example.entity.Posts">
        select
        posts.*,username as userName
        from posts
        left join user on posts.user_id = user.id
        where posts.id = #{id}
    </select>

    <delete id="deleteById">
        delete from posts
        where  id = #{id}
    </delete>

    <insert id="insert" parameterType="com.example.entity.Posts" useGeneratedKeys="true" keyProperty="id">
        insert into posts
        <trim prefix="(" suffix=")" suffixOverrides=",">
            <if test="id != null">id,</if>
            <if test="title != null">title,</if>
            <if test="content != null">content,</if>
            <if test="img != null">img,</if>
            <if test="userId != null">user_id,</if>
            <if test="time != null">time,</if>
            <if test="circle != null">circle,</if>
            <if test="descr != null">descr,</if>
            <if test="readCount != null">read_count,</if>
            <if test="status != null">status,</if>
        </trim>
        <trim prefix="values (" suffix=")" suffixOverrides=",">
            <if test="id != null">#{id},</if>
            <if test="title != null">#{title},</if>
            <if test="content != null">#{content},</if>
            <if test="img != null">#{img},</if>
            <if test="userId != null">#{userId},</if>
            <if test="time != null">#{time},</if>
            <if test="circle != null">#{circle},</if>
            <if test="descr != null">#{descr},</if>
            <if test="readCount != null">#{readCount},</if>
            <if test="status != null">#{status},</if>
        </trim>
    </insert>

    <update id="updateById" parameterType="com.example.entity.Posts">
        update posts
        <set>
            <if test="title != null">
                title = #{title},
            </if>
            <if test="content != null">
                content = #{content},
            </if>
            <if test="img != null">
                img = #{img},
            </if>
            <if test="userId != null">
                user_id = #{userId},
            </if>
            <if test="time != null">
                time = #{time},
            </if>
            <if test="circle != null">
                circle = #{circle},
            </if>
            <if test="descr != null">
                descr = #{descr},
            </if>
            <if test="readCount != null">
                read_count = #{readCount},
            </if>
            <if test="status != null">
                status = #{status},
            </if>
        </set>
        where id = #{id}
    </update>

</mapper>